family,best_form,best_k,direction,ic,ic_pvalue,partial_ic_vs_ew,partial_ic_pvalue,ic_2014-2019,ic_2020-2026,net_sharpe,net_ann,turnover,gate1_significant_and_independent,gate2_stable_halves,gate3_net_positive,PASS
C1,C1_lb20zw60,10,-1.0,-0.10736085718120289,0.0899100899100899,-0.07930212728673247,0.2047952047952048,-0.07457826207538927,-0.15515162077378875,0.5146374217968808,0.1260816911720732,11.440044826298095,False,True,True,False
C2,C2_lb20zw250,40,-1.0,-0.1432366066456963,0.22277722277722278,-0.10383838593690697,0.3996003996003996,-0.2246464805191456,-0.24585111427216685,0.11080315409346357,0.022952185757560476,6.9156943921716225,False,True,True,False
B1,B1_lb20zw250,10,-1.0,-0.004847708032032257,0.9070929070929071,-0.07092772690477483,0.2047952047952048,-0.04065107857030388,-0.07297498063883927,0.044109067624072,0.010978062644069251,12.466176470588234,False,True,True,False
B2,B2_lb20zw60,20,-1.0,-0.006454353685690848,0.9370629370629371,-0.09485574072667875,0.26673326673326675,-0.07395974017621713,-0.11667280088332718,-0.26587798730512835,-0.06702640515365776,13.9896449704142,False,True,False,False
B3,B3_lb5zw60,10,1.0,0.01893905833254408,0.7292707292707292,-0.057680035202610294,0.3146853146853147,0.09489056841442292,0.021308340313887876,0.04881949791575823,0.012309231326757862,19.96029411764706,False,True,True,False
